DecisionTreeClassifier_Predict,KNeighborsClassifier_Predict,RandomForestClassifier_Predict,XGBClassifier_Predict
BENIGN,BENIGN,BENIGN,BENIGN
BENIGN,BENIGN,BENIGN,BENIGN
BENIGN,BENIGN,BENIGN,BENIGN
Bot,BENIGN,BENIGN,BENIGN
Brute Force,BENIGN,BENIGN,BENIGN
BENIGN,BENIGN,BENIGN,BENIGN
BENIGN,BENIGN,BENIGN,BENIGN
Bot,XSS,BENIGN,BENIGN
BENIGN,BENIGN,BENIGN,BENIGN
BENIGN,BENIGN,BENIGN,BENIGN
BENIGN,BENIGN,BENIGN,BENIGN
BENIGN,BENIGN,BENIGN,BENIGN
BENIGN,BENIGN,BENIGN,BENIGN
BENIGN,BENIGN,BENIGN,BENIGN
BENIGN,BENIGN,BENIGN,BENIGN
BENIGN,BENIGN,BENIGN,BENIGN
BENIGN,BENIGN,BENIGN,BENIGN
BENIGN,BENIGN,BENIGN,BENIGN
BENIGN,BENIGN,BENIGN,BENIGN
BENIGN,BENIGN,BENIGN,BENIGN
BENIGN,BENIGN,BENIGN,BENIGN
BENIGN,BENIGN,BENIGN,BENIGN
BENIGN,BENIGN,BENIGN,BENIGN
BENIGN,BENIGN,BENIGN,BENIGN
BENIGN,BENIGN,BENIGN,BENIGN
BENIGN,BENIGN,BENIGN,BENIGN
BENIGN,BENIGN,BENIGN,BENIGN
BENIGN,BENIGN,BENIGN,BENIGN
BENIGN,BENIGN,BENIGN,BENIGN
BENIGN,BENIGN,BENIGN,BENIGN
BENIGN,BENIGN,BENIGN,BENIGN
BENIGN,BENIGN,BENIGN,BENIGN
BENIGN,BENIGN,BENIGN,BENIGN
BENIGN,BENIGN,BENIGN,BENIGN
BENIGN,BENIGN,BENIGN,BENIGN
BENIGN,BENIGN,BENIGN,BENIGN
BENIGN,BENIGN,BENIGN,BENIGN
BENIGN,BENIGN,BENIGN,BENIGN
BENIGN,BENIGN,BENIGN,BENIGN
BENIGN,BENIGN,BENIGN,BENIGN
Bot,BENIGN,BENIGN,BENIGN
BENIGN,BENIGN,BENIGN,BENIGN
BENIGN,BENIGN,BENIGN,BENIGN
BENIGN,BENIGN,BENIGN,BENIGN
BENIGN,BENIGN,BENIGN,BENIGN
BENIGN,BENIGN,BENIGN,BENIGN
Bot,Bot,BENIGN,BENIGN
BENIGN,BENIGN,BENIGN,BENIGN
BENIGN,BENIGN,BENIGN,BENIGN
BENIGN,BENIGN,BENIGN,BENIGN
BENIGN,BENIGN,BENIGN,BENIGN
BENIGN,BENIGN,BENIGN,BENIGN
Brute Force,BENIGN,BENIGN,BENIGN
BENIGN,BENIGN,BENIGN,BENIGN
BENIGN,BENIGN,BENIGN,BENIGN
BENIGN,BENIGN,BENIGN,BENIGN
BENIGN,BENIGN,BENIGN,BENIGN
Bot,BENIGN,BENIGN,BENIGN
BENIGN,Infiltration,BENIGN,BENIGN
BENIGN,BENIGN,BENIGN,BENIGN
BENIGN,BENIGN,BENIGN,BENIGN
BENIGN,BENIGN,BENIGN,BENIGN
BENIGN,BENIGN,BENIGN,BENIGN
BENIGN,BENIGN,BENIGN,BENIGN
BENIGN,BENIGN,BENIGN,BENIGN
BENIGN,BENIGN,BENIGN,BENIGN
BENIGN,BENIGN,BENIGN,BENIGN
BENIGN,BENIGN,BENIGN,BENIGN
BENIGN,BENIGN,BENIGN,BENIGN
BENIGN,BENIGN,BENIGN,BENIGN
BENIGN,BENIGN,BENIGN,BENIGN
BENIGN,BENIGN,BENIGN,BENIGN
BENIGN,BENIGN,BENIGN,BENIGN
BENIGN,BENIGN,BENIGN,BENIGN
Bot,BENIGN,BENIGN,BENIGN
BENIGN,BENIGN,BENIGN,BENIGN
BENIGN,BENIGN,BENIGN,BENIGN
BENIGN,BENIGN,BENIGN,BENIGN
BENIGN,BENIGN,BENIGN,BENIGN
BENIGN,BENIGN,BENIGN,BENIGN
BENIGN,BENIGN,BENIGN,BENIGN
BENIGN,BENIGN,BENIGN,BENIGN
BENIGN,BENIGN,BENIGN,BENIGN
BENIGN,BENIGN,BENIGN,BENIGN
BENIGN,BENIGN,BENIGN,BENIGN
BENIGN,BENIGN,BENIGN,BENIGN
BENIGN,BENIGN,BENIGN,BENIGN
BENIGN,BENIGN,BENIGN,BENIGN
BENIGN,BENIGN,BENIGN,BENIGN
BENIGN,BENIGN,BENIGN,BENIGN
BENIGN,BENIGN,BENIGN,BENIGN
BENIGN,BENIGN,BENIGN,BENIGN
BENIGN,BENIGN,BENIGN,BENIGN
BENIGN,BENIGN,BENIGN,BENIGN
BENIGN,BENIGN,BENIGN,BENIGN
Bot,BENIGN,BENIGN,BENIGN
BENIGN,BENIGN,BENIGN,BENIGN
BENIGN,BENIGN,BENIGN,BENIGN
BENIGN,BENIGN,BENIGN,BENIGN
BENIGN,BENIGN,BENIGN,BENIGN
BENIGN,BENIGN,BENIGN,BENIGN
BENIGN,BENIGN,BENIGN,BENIGN
BENIGN,BENIGN,BENIGN,BENIGN
BENIGN,BENIGN,BENIGN,BENIGN
BENIGN,BENIGN,BENIGN,BENIGN
BENIGN,BENIGN,BENIGN,BENIGN
BENIGN,BENIGN,BENIGN,BENIGN
Bot,BENIGN,BENIGN,BENIGN
BENIGN,BENIGN,BENIGN,BENIGN
Bot,BENIGN,BENIGN,BENIGN
BENIGN,BENIGN,BENIGN,BENIGN
BENIGN,BENIGN,Infiltration,BENIGN
BENIGN,BENIGN,BENIGN,BENIGN
BENIGN,BENIGN,BENIGN,BENIGN
BENIGN,BENIGN,BENIGN,BENIGN
BENIGN,BENIGN,BENIGN,BENIGN
BENIGN,BENIGN,BENIGN,BENIGN
BENIGN,BENIGN,BENIGN,BENIGN
BENIGN,BENIGN,BENIGN,BENIGN
BENIGN,BENIGN,BENIGN,BENIGN
BENIGN,BENIGN,BENIGN,BENIGN
BENIGN,BENIGN,BENIGN,BENIGN
BENIGN,BENIGN,BENIGN,BENIGN
Bot,BENIGN,BENIGN,BENIGN
BENIGN,BENIGN,BENIGN,BENIGN
BENIGN,BENIGN,BENIGN,BENIGN
Bot,BENIGN,BENIGN,BENIGN
BENIGN,BENIGN,BENIGN,BENIGN
Brute Force,BENIGN,BENIGN,BENIGN
Bot,BENIGN,BENIGN,BENIGN
BENIGN,BENIGN,BENIGN,BENIGN
BENIGN,BENIGN,BENIGN,BENIGN
BENIGN,BENIGN,BENIGN,BENIGN
BENIGN,BENIGN,BENIGN,BENIGN
BENIGN,BENIGN,BENIGN,BENIGN
BENIGN,BENIGN,BENIGN,BENIGN
BENIGN,BENIGN,BENIGN,BENIGN
BENIGN,BENIGN,BENIGN,BENIGN
BENIGN,BENIGN,BENIGN,BENIGN
Bot,BENIGN,BENIGN,BENIGN
Bot,BENIGN,BENIGN,BENIGN
BENIGN,BENIGN,BENIGN,BENIGN
BENIGN,BENIGN,BENIGN,BENIGN
BENIGN,BENIGN,BENIGN,BENIGN
BENIGN,BENIGN,BENIGN,BENIGN
BENIGN,BENIGN,BENIGN,BENIGN
BENIGN,BENIGN,BENIGN,BENIGN
BENIGN,BENIGN,BENIGN,BENIGN
Bot,BENIGN,BENIGN,BENIGN
BENIGN,BENIGN,BENIGN,BENIGN
BENIGN,BENIGN,BENIGN,BENIGN
Bot,BENIGN,BENIGN,BENIGN
Bot,BENIGN,BENIGN,BENIGN
BENIGN,Infiltration,BENIGN,BENIGN
BENIGN,BENIGN,BENIGN,BENIGN
BENIGN,BENIGN,BENIGN,BENIGN
BENIGN,BENIGN,BENIGN,BENIGN
BENIGN,BENIGN,BENIGN,BENIGN
Bot,BENIGN,BENIGN,BENIGN
BENIGN,BENIGN,BENIGN,BENIGN
BENIGN,BENIGN,BENIGN,BENIGN
BENIGN,BENIGN,BENIGN,BENIGN
BENIGN,BENIGN,BENIGN,BENIGN
BENIGN,BENIGN,BENIGN,BENIGN
BENIGN,BENIGN,BENIGN,BENIGN
BENIGN,Infiltration,BENIGN,BENIGN
BENIGN,BENIGN,BENIGN,BENIGN
BENIGN,BENIGN,BENIGN,BENIGN
BENIGN,BENIGN,BENIGN,BENIGN
BENIGN,BENIGN,BENIGN,BENIGN
BENIGN,BENIGN,BENIGN,BENIGN
BENIGN,BENIGN,BENIGN,BENIGN
BENIGN,BENIGN,BENIGN,BENIGN
BENIGN,BENIGN,BENIGN,BENIGN
BENIGN,BENIGN,BENIGN,BENIGN
BENIGN,BENIGN,BENIGN,BENIGN
BENIGN,BENIGN,BENIGN,BENIGN
BENIGN,BENIGN,BENIGN,BENIGN
BENIGN,BENIGN,BENIGN,BENIGN
BENIGN,BENIGN,BENIGN,BENIGN
BENIGN,BENIGN,BENIGN,BENIGN
BENIGN,BENIGN,BENIGN,BENIGN
Brute Force,BENIGN,BENIGN,BENIGN
BENIGN,BENIGN,BENIGN,BENIGN
BENIGN,BENIGN,BENIGN,BENIGN
BENIGN,BENIGN,BENIGN,BENIGN
BENIGN,BENIGN,BENIGN,BENIGN
BENIGN,Infiltration,BENIGN,BENIGN
BENIGN,BENIGN,BENIGN,BENIGN
Bot,BENIGN,BENIGN,BENIGN
BENIGN,BENIGN,BENIGN,BENIGN
BENIGN,BENIGN,BENIGN,BENIGN
BENIGN,BENIGN,BENIGN,BENIGN
BENIGN,BENIGN,BENIGN,BENIGN
BENIGN,BENIGN,BENIGN,BENIGN
BENIGN,BENIGN,BENIGN,BENIGN
BENIGN,BENIGN,BENIGN,BENIGN
BENIGN,BENIGN,BENIGN,BENIGN
Bot,Bot,BENIGN,BENIGN
BENIGN,BENIGN,BENIGN,BENIGN
BENIGN,BENIGN,BENIGN,BENIGN
Bot,BENIGN,BENIGN,BENIGN
BENIGN,BENIGN,BENIGN,BENIGN
BENIGN,BENIGN,BENIGN,BENIGN
BENIGN,BENIGN,BENIGN,BENIGN
BENIGN,BENIGN,BENIGN,BENIGN
BENIGN,BENIGN,BENIGN,BENIGN
BENIGN,BENIGN,BENIGN,BENIGN
BENIGN,BENIGN,BENIGN,BENIGN
BENIGN,BENIGN,BENIGN,BENIGN
BENIGN,BENIGN,BENIGN,BENIGN
BENIGN,BENIGN,BENIGN,BENIGN
BENIGN,BENIGN,BENIGN,BENIGN
BENIGN,BENIGN,BENIGN,BENIGN
BENIGN,BENIGN,BENIGN,BENIGN
BENIGN,BENIGN,BENIGN,BENIGN
BENIGN,BENIGN,BENIGN,BENIGN
BENIGN,BENIGN,BENIGN,BENIGN
BENIGN,BENIGN,BENIGN,BENIGN
BENIGN,BENIGN,BENIGN,BENIGN
BENIGN,BENIGN,BENIGN,BENIGN
BENIGN,BENIGN,BENIGN,BENIGN
BENIGN,BENIGN,BENIGN,BENIGN
BENIGN,BENIGN,BENIGN,BENIGN
BENIGN,BENIGN,BENIGN,BENIGN
BENIGN,BENIGN,BENIGN,BENIGN
BENIGN,BENIGN,BENIGN,BENIGN
BENIGN,BENIGN,BENIGN,BENIGN
BENIGN,BENIGN,BENIGN,BENIGN
BENIGN,BENIGN,BENIGN,BENIGN
BENIGN,BENIGN,BENIGN,BENIGN
BENIGN,BENIGN,BENIGN,BENIGN
BENIGN,BENIGN,BENIGN,BENIGN
Bot,BENIGN,BENIGN,BENIGN
BENIGN,BENIGN,BENIGN,BENIGN
BENIGN,BENIGN,BENIGN,BENIGN
BENIGN,BENIGN,BENIGN,BENIGN
BENIGN,BENIGN,BENIGN,BENIGN
BENIGN,BENIGN,BENIGN,BENIGN
BENIGN,BENIGN,BENIGN,BENIGN
BENIGN,BENIGN,BENIGN,BENIGN
BENIGN,BENIGN,BENIGN,BENIGN
BENIGN,Infiltration,BENIGN,BENIGN
BENIGN,BENIGN,BENIGN,BENIGN
Bot,BENIGN,BENIGN,BENIGN
Bot,BENIGN,BENIGN,BENIGN
Brute Force,BENIGN,BENIGN,BENIGN
Brute Force,BENIGN,BENIGN,BENIGN
BENIGN,BENIGN,BENIGN,BENIGN
BENIGN,BENIGN,BENIGN,BENIGN
BENIGN,BENIGN,BENIGN,BENIGN
BENIGN,BENIGN,BENIGN,BENIGN
BENIGN,BENIGN,BENIGN,BENIGN
BENIGN,BENIGN,BENIGN,BENIGN
BENIGN,BENIGN,BENIGN,BENIGN
BENIGN,BENIGN,BENIGN,BENIGN
BENIGN,BENIGN,BENIGN,BENIGN
BENIGN,BENIGN,BENIGN,BENIGN
Bot,BENIGN,BENIGN,BENIGN
BENIGN,BENIGN,BENIGN,BENIGN
BENIGN,BENIGN,BENIGN,BENIGN
BENIGN,BENIGN,BENIGN,BENIGN
BENIGN,BENIGN,BENIGN,BENIGN
BENIGN,BENIGN,BENIGN,BENIGN
BENIGN,BENIGN,BENIGN,BENIGN
BENIGN,BENIGN,BENIGN,BENIGN
BENIGN,BENIGN,BENIGN,BENIGN
BENIGN,BENIGN,BENIGN,BENIGN
BENIGN,BENIGN,BENIGN,BENIGN
BENIGN,BENIGN,BENIGN,BENIGN
BENIGN,BENIGN,BENIGN,BENIGN
BENIGN,BENIGN,BENIGN,BENIGN
BENIGN,BENIGN,BENIGN,BENIGN
BENIGN,BENIGN,BENIGN,BENIGN
BENIGN,Infiltration,BENIGN,BENIGN
BENIGN,BENIGN,BENIGN,BENIGN
BENIGN,BENIGN,BENIGN,BENIGN
BENIGN,BENIGN,BENIGN,BENIGN
BENIGN,BENIGN,BENIGN,BENIGN
BENIGN,BENIGN,BENIGN,BENIGN
BENIGN,BENIGN,BENIGN,BENIGN
BENIGN,BENIGN,BENIGN,BENIGN
BENIGN,BENIGN,BENIGN,BENIGN
Bot,BENIGN,BENIGN,BENIGN
BENIGN,Infiltration,BENIGN,BENIGN
BENIGN,BENIGN,BENIGN,BENIGN
BENIGN,BENIGN,BENIGN,BENIGN
BENIGN,BENIGN,BENIGN,BENIGN
BENIGN,BENIGN,BENIGN,BENIGN
BENIGN,BENIGN,BENIGN,BENIGN
BENIGN,BENIGN,BENIGN,BENIGN
BENIGN,BENIGN,BENIGN,BENIGN
BENIGN,BENIGN,BENIGN,BENIGN
BENIGN,BENIGN,BENIGN,BENIGN
BENIGN,BENIGN,BENIGN,BENIGN
BENIGN,BENIGN,BENIGN,BENIGN
BENIGN,BENIGN,BENIGN,BENIGN
BENIGN,BENIGN,BENIGN,BENIGN
BENIGN,BENIGN,BENIGN,BENIGN
BENIGN,BENIGN,BENIGN,BENIGN
BENIGN,BENIGN,BENIGN,BENIGN
BENIGN,BENIGN,BENIGN,BENIGN
BENIGN,BENIGN,BENIGN,BENIGN
BENIGN,BENIGN,BENIGN,BENIGN
BENIGN,BENIGN,BENIGN,BENIGN
Bot,BENIGN,BENIGN,BENIGN
BENIGN,BENIGN,BENIGN,BENIGN
BENIGN,BENIGN,BENIGN,BENIGN
BENIGN,BENIGN,BENIGN,BENIGN
BENIGN,BENIGN,BENIGN,BENIGN
BENIGN,BENIGN,BENIGN,BENIGN
BENIGN,BENIGN,BENIGN,BENIGN
BENIGN,BENIGN,BENIGN,BENIGN
BENIGN,BENIGN,BENIGN,BENIGN
BENIGN,BENIGN,BENIGN,BENIGN
BENIGN,BENIGN,BENIGN,BENIGN
BENIGN,BENIGN,BENIGN,BENIGN
BENIGN,BENIGN,BENIGN,BENIGN
BENIGN,BENIGN,BENIGN,BENIGN
BENIGN,BENIGN,BENIGN,BENIGN
BENIGN,BENIGN,BENIGN,BENIGN
BENIGN,BENIGN,BENIGN,BENIGN
Bot,BENIGN,BENIGN,BENIGN
BENIGN,BENIGN,BENIGN,BENIGN
BENIGN,BENIGN,BENIGN,BENIGN
BENIGN,BENIGN,BENIGN,BENIGN
BENIGN,BENIGN,BENIGN,BENIGN
BENIGN,BENIGN,BENIGN,BENIGN
BENIGN,BENIGN,BENIGN,BENIGN
BENIGN,BENIGN,BENIGN,BENIGN
BENIGN,BENIGN,BENIGN,BENIGN
BENIGN,BENIGN,BENIGN,BENIGN
BENIGN,BENIGN,BENIGN,BENIGN
BENIGN,BENIGN,BENIGN,BENIGN
BENIGN,BENIGN,BENIGN,BENIGN
BENIGN,BENIGN,BENIGN,BENIGN
BENIGN,BENIGN,BENIGN,BENIGN
BENIGN,BENIGN,BENIGN,BENIGN
BENIGN,BENIGN,BENIGN,BENIGN
BENIGN,BENIGN,BENIGN,BENIGN
Bot,BENIGN,BENIGN,BENIGN
BENIGN,BENIGN,BENIGN,BENIGN
BENIGN,BENIGN,BENIGN,BENIGN
BENIGN,BENIGN,BENIGN,BENIGN
BENIGN,BENIGN,BENIGN,BENIGN
BENIGN,BENIGN,BENIGN,BENIGN
BENIGN,BENIGN,BENIGN,BENIGN
BENIGN,BENIGN,BENIGN,BENIGN
BENIGN,BENIGN,Infiltration,BENIGN
BENIGN,BENIGN,BENIGN,BENIGN
BENIGN,BENIGN,BENIGN,BENIGN
BENIGN,BENIGN,BENIGN,BENIGN
BENIGN,BENIGN,BENIGN,BENIGN
BENIGN,BENIGN,BENIGN,BENIGN
BENIGN,BENIGN,BENIGN,BENIGN
Bot,Bot,BENIGN,BENIGN
BENIGN,BENIGN,BENIGN,BENIGN
BENIGN,BENIGN,BENIGN,BENIGN
BENIGN,BENIGN,BENIGN,BENIGN
BENIGN,BENIGN,BENIGN,BENIGN
BENIGN,BENIGN,BENIGN,BENIGN
BENIGN,BENIGN,BENIGN,BENIGN
BENIGN,BENIGN,BENIGN,BENIGN
BENIGN,BENIGN,BENIGN,BENIGN
BENIGN,BENIGN,BENIGN,BENIGN
BENIGN,BENIGN,BENIGN,BENIGN
BENIGN,BENIGN,BENIGN,BENIGN
BENIGN,BENIGN,BENIGN,BENIGN
BENIGN,BENIGN,BENIGN,BENIGN
BENIGN,BENIGN,BENIGN,BENIGN
BENIGN,BENIGN,BENIGN,BENIGN
BENIGN,BENIGN,BENIGN,BENIGN
BENIGN,BENIGN,BENIGN,BENIGN
BENIGN,BENIGN,BENIGN,BENIGN
BENIGN,BENIGN,BENIGN,BENIGN
BENIGN,BENIGN,BENIGN,BENIGN
BENIGN,BENIGN,BENIGN,BENIGN
BENIGN,BENIGN,BENIGN,BENIGN
Bot,BENIGN,BENIGN,BENIGN
BENIGN,BENIGN,BENIGN,BENIGN
BENIGN,BENIGN,BENIGN,BENIGN
BENIGN,BENIGN,BENIGN,BENIGN
BENIGN,BENIGN,BENIGN,BENIGN
BENIGN,BENIGN,BENIGN,BENIGN
BENIGN,BENIGN,BENIGN,BENIGN
BENIGN,BENIGN,BENIGN,BENIGN
BENIGN,BENIGN,BENIGN,BENIGN
BENIGN,BENIGN,BENIGN,BENIGN
BENIGN,BENIGN,BENIGN,BENIGN
BENIGN,BENIGN,BENIGN,BENIGN
BENIGN,BENIGN,BENIGN,BENIGN
BENIGN,BENIGN,BENIGN,BENIGN
BENIGN,BENIGN,BENIGN,BENIGN
BENIGN,BENIGN,BENIGN,BENIGN
BENIGN,BENIGN,BENIGN,BENIGN
BENIGN,BENIGN,BENIGN,BENIGN
BENIGN,BENIGN,BENIGN,BENIGN
BENIGN,BENIGN,BENIGN,BENIGN
Bot,BENIGN,BENIGN,BENIGN
BENIGN,BENIGN,BENIGN,BENIGN
BENIGN,BENIGN,BENIGN,BENIGN
BENIGN,BENIGN,BENIGN,BENIGN
BENIGN,BENIGN,BENIGN,BENIGN
BENIGN,BENIGN,BENIGN,BENIGN
BENIGN,BENIGN,BENIGN,BENIGN
BENIGN,BENIGN,BENIGN,BENIGN
BENIGN,BENIGN,BENIGN,BENIGN
BENIGN,BENIGN,BENIGN,BENIGN
BENIGN,BENIGN,BENIGN,BENIGN
BENIGN,BENIGN,BENIGN,BENIGN
BENIGN,BENIGN,BENIGN,BENIGN
BENIGN,BENIGN,BENIGN,BENIGN
BENIGN,BENIGN,BENIGN,BENIGN
BENIGN,BENIGN,BENIGN,BENIGN
Brute Force,BENIGN,BENIGN,BENIGN
BENIGN,BENIGN,BENIGN,BENIGN
BENIGN,BENIGN,BENIGN,BENIGN
BENIGN,BENIGN,BENIGN,BENIGN
BENIGN,BENIGN,BENIGN,BENIGN
BENIGN,BENIGN,BENIGN,BENIGN
Bot,BENIGN,BENIGN,BENIGN
Bot,BENIGN,BENIGN,BENIGN
BENIGN,BENIGN,BENIGN,BENIGN
BENIGN,BENIGN,BENIGN,BENIGN
BENIGN,BENIGN,BENIGN,BENIGN
BENIGN,BENIGN,BENIGN,BENIGN
BENIGN,BENIGN,BENIGN,BENIGN
BENIGN,BENIGN,BENIGN,BENIGN
BENIGN,BENIGN,BENIGN,BENIGN
Bot,BENIGN,BENIGN,BENIGN
BENIGN,BENIGN,BENIGN,BENIGN
Bot,BENIGN,BENIGN,BENIGN
BENIGN,XSS,BENIGN,BENIGN
BENIGN,BENIGN,BENIGN,BENIGN
BENIGN,BENIGN,BENIGN,BENIGN
BENIGN,BENIGN,BENIGN,BENIGN
BENIGN,BENIGN,BENIGN,BENIGN
BENIGN,BENIGN,BENIGN,BENIGN
BENIGN,BENIGN,BENIGN,BENIGN
BENIGN,BENIGN,BENIGN,BENIGN
BENIGN,BENIGN,BENIGN,BENIGN
BENIGN,BENIGN,BENIGN,BENIGN
BENIGN,BENIGN,BENIGN,BENIGN
BENIGN,BENIGN,BENIGN,BENIGN
BENIGN,BENIGN,BENIGN,BENIGN
BENIGN,BENIGN,BENIGN,BENIGN
BENIGN,BENIGN,BENIGN,BENIGN
BENIGN,BENIGN,BENIGN,BENIGN
BENIGN,BENIGN,BENIGN,BENIGN
BENIGN,BENIGN,BENIGN,BENIGN
BENIGN,BENIGN,BENIGN,BENIGN
BENIGN,BENIGN,BENIGN,BENIGN
BENIGN,BENIGN,BENIGN,BENIGN
BENIGN,BENIGN,BENIGN,BENIGN
BENIGN,BENIGN,BENIGN,BENIGN
BENIGN,BENIGN,BENIGN,BENIGN
BENIGN,BENIGN,BENIGN,BENIGN
BENIGN,BENIGN,BENIGN,BENIGN
BENIGN,BENIGN,BENIGN,BENIGN
BENIGN,BENIGN,BENIGN,BENIGN
Brute Force,BENIGN,BENIGN,BENIGN
BENIGN,BENIGN,BENIGN,BENIGN
BENIGN,BENIGN,BENIGN,BENIGN
BENIGN,BENIGN,BENIGN,BENIGN
BENIGN,BENIGN,BENIGN,BENIGN
BENIGN,BENIGN,BENIGN,BENIGN
BENIGN,BENIGN,BENIGN,BENIGN
BENIGN,BENIGN,BENIGN,BENIGN
BENIGN,BENIGN,BENIGN,BENIGN
BENIGN,BENIGN,BENIGN,BENIGN
BENIGN,BENIGN,BENIGN,BENIGN
BENIGN,BENIGN,BENIGN,BENIGN
BENIGN,BENIGN,BENIGN,BENIGN
Bot,BENIGN,BENIGN,BENIGN
BENIGN,Infiltration,BENIGN,BENIGN
BENIGN,BENIGN,BENIGN,BENIGN
BENIGN,BENIGN,BENIGN,BENIGN
BENIGN,BENIGN,BENIGN,BENIGN
BENIGN,BENIGN,BENIGN,BENIGN
BENIGN,BENIGN,BENIGN,BENIGN
BENIGN,BENIGN,BENIGN,BENIGN
BENIGN,BENIGN,BENIGN,BENIGN
BENIGN,BENIGN,BENIGN,BENIGN
BENIGN,BENIGN,BENIGN,BENIGN
BENIGN,BENIGN,BENIGN,BENIGN
BENIGN,BENIGN,BENIGN,BENIGN
BENIGN,BENIGN,BENIGN,BENIGN
BENIGN,BENIGN,BENIGN,BENIGN
BENIGN,BENIGN,BENIGN,BENIGN
BENIGN,BENIGN,BENIGN,BENIGN
Brute Force,BENIGN,BENIGN,BENIGN
Bot,BENIGN,BENIGN,BENIGN
BENIGN,BENIGN,BENIGN,BENIGN
BENIGN,BENIGN,BENIGN,BENIGN
BENIGN,BENIGN,BENIGN,BENIGN
Bot,BENIGN,BENIGN,BENIGN
BENIGN,BENIGN,BENIGN,BENIGN
BENIGN,BENIGN,BENIGN,BENIGN
BENIGN,BENIGN,BENIGN,BENIGN
BENIGN,BENIGN,BENIGN,BENIGN
BENIGN,BENIGN,BENIGN,BENIGN
BENIGN,BENIGN,BENIGN,BENIGN
BENIGN,BENIGN,BENIGN,BENIGN
Bot,BENIGN,BENIGN,BENIGN
BENIGN,BENIGN,BENIGN,BENIGN
Bot,BENIGN,BENIGN,BENIGN
Bot,BENIGN,BENIGN,BENIGN
BENIGN,BENIGN,BENIGN,BENIGN
BENIGN,BENIGN,BENIGN,BENIGN
BENIGN,BENIGN,BENIGN,BENIGN
BENIGN,BENIGN,BENIGN,BENIGN
Bot,BENIGN,BENIGN,BENIGN
BENIGN,BENIGN,BENIGN,BENIGN
BENIGN,BENIGN,BENIGN,BENIGN
BENIGN,BENIGN,BENIGN,BENIGN
BENIGN,BENIGN,BENIGN,BENIGN
BENIGN,BENIGN,BENIGN,BENIGN
BENIGN,BENIGN,BENIGN,BENIGN
BENIGN,BENIGN,BENIGN,BENIGN
BENIGN,BENIGN,BENIGN,BENIGN
BENIGN,BENIGN,BENIGN,BENIGN
BENIGN,BENIGN,BENIGN,BENIGN
BENIGN,BENIGN,BENIGN,BENIGN
BENIGN,BENIGN,BENIGN,BENIGN
BENIGN,BENIGN,BENIGN,BENIGN
BENIGN,BENIGN,BENIGN,BENIGN
Bot,BENIGN,BENIGN,BENIGN
BENIGN,BENIGN,BENIGN,BENIGN
BENIGN,BENIGN,BENIGN,BENIGN
BENIGN,BENIGN,BENIGN,BENIGN
BENIGN,BENIGN,BENIGN,BENIGN
BENIGN,Brute Force,BENIGN,BENIGN
BENIGN,BENIGN,BENIGN,BENIGN
BENIGN,BENIGN,BENIGN,BENIGN
BENIGN,BENIGN,BENIGN,BENIGN
BENIGN,BENIGN,BENIGN,BENIGN
BENIGN,BENIGN,BENIGN,BENIGN
BENIGN,BENIGN,BENIGN,BENIGN
BENIGN,BENIGN,BENIGN,BENIGN
BENIGN,BENIGN,BENIGN,BENIGN
BENIGN,BENIGN,BENIGN,BENIGN
BENIGN,BENIGN,BENIGN,BENIGN
BENIGN,BENIGN,BENIGN,BENIGN
BENIGN,BENIGN,BENIGN,BENIGN
Bot,BENIGN,BENIGN,BENIGN
BENIGN,BENIGN,BENIGN,BENIGN
BENIGN,BENIGN,BENIGN,BENIGN
BENIGN,BENIGN,BENIGN,BENIGN
BENIGN,BENIGN,BENIGN,BENIGN
BENIGN,BENIGN,BENIGN,BENIGN
BENIGN,BENIGN,BENIGN,BENIGN
BENIGN,BENIGN,BENIGN,BENIGN
BENIGN,BENIGN,BENIGN,BENIGN
BENIGN,BENIGN,BENIGN,BENIGN
BENIGN,BENIGN,BENIGN,BENIGN
BENIGN,BENIGN,BENIGN,BENIGN
BENIGN,BENIGN,BENIGN,BENIGN
BENIGN,BENIGN,BENIGN,BENIGN
BENIGN,BENIGN,BENIGN,BENIGN
BENIGN,BENIGN,BENIGN,BENIGN
BENIGN,BENIGN,BENIGN,BENIGN
BENIGN,BENIGN,BENIGN,BENIGN
BENIGN,BENIGN,BENIGN,BENIGN
BENIGN,BENIGN,BENIGN,BENIGN
BENIGN,BENIGN,BENIGN,BENIGN
BENIGN,BENIGN,BENIGN,BENIGN
Bot,BENIGN,BENIGN,BENIGN
BENIGN,BENIGN,BENIGN,BENIGN
BENIGN,BENIGN,BENIGN,BENIGN
BENIGN,BENIGN,BENIGN,BENIGN
Brute Force,BENIGN,BENIGN,BENIGN
BENIGN,BENIGN,BENIGN,BENIGN
BENIGN,BENIGN,BENIGN,BENIGN
BENIGN,BENIGN,BENIGN,BENIGN
BENIGN,BENIGN,BENIGN,BENIGN
BENIGN,BENIGN,BENIGN,BENIGN
BENIGN,BENIGN,BENIGN,BENIGN
BENIGN,BENIGN,BENIGN,BENIGN
Bot,BENIGN,BENIGN,BENIGN
Bot,BENIGN,BENIGN,BENIGN
BENIGN,BENIGN,BENIGN,BENIGN
BENIGN,BENIGN,BENIGN,BENIGN
BENIGN,BENIGN,BENIGN,BENIGN
BENIGN,BENIGN,BENIGN,BENIGN
BENIGN,BENIGN,BENIGN,BENIGN
BENIGN,BENIGN,BENIGN,BENIGN
BENIGN,BENIGN,BENIGN,BENIGN
BENIGN,BENIGN,BENIGN,BENIGN
BENIGN,BENIGN,BENIGN,BENIGN
BENIGN,BENIGN,BENIGN,BENIGN
BENIGN,BENIGN,BENIGN,BENIGN
BENIGN,BENIGN,BENIGN,BENIGN
BENIGN,BENIGN,BENIGN,BENIGN
BENIGN,BENIGN,BENIGN,BENIGN
BENIGN,BENIGN,BENIGN,BENIGN
BENIGN,BENIGN,BENIGN,BENIGN
BENIGN,BENIGN,BENIGN,BENIGN
BENIGN,Brute Force,BENIGN,BENIGN
BENIGN,BENIGN,BENIGN,BENIGN
BENIGN,BENIGN,BENIGN,BENIGN
BENIGN,BENIGN,BENIGN,BENIGN
BENIGN,BENIGN,BENIGN,BENIGN
BENIGN,BENIGN,BENIGN,BENIGN
BENIGN,BENIGN,BENIGN,BENIGN
BENIGN,BENIGN,BENIGN,BENIGN
BENIGN,BENIGN,BENIGN,BENIGN
BENIGN,BENIGN,BENIGN,BENIGN
BENIGN,BENIGN,BENIGN,BENIGN
Bot,BENIGN,BENIGN,BENIGN
BENIGN,BENIGN,BENIGN,BENIGN
BENIGN,BENIGN,BENIGN,BENIGN
BENIGN,BENIGN,BENIGN,BENIGN
BENIGN,BENIGN,BENIGN,BENIGN
BENIGN,BENIGN,BENIGN,BENIGN
BENIGN,BENIGN,BENIGN,BENIGN
Bot,BENIGN,BENIGN,BENIGN
BENIGN,BENIGN,BENIGN,BENIGN
BENIGN,BENIGN,BENIGN,BENIGN
BENIGN,BENIGN,BENIGN,BENIGN
BENIGN,BENIGN,BENIGN,BENIGN
BENIGN,BENIGN,BENIGN,BENIGN
BENIGN,BENIGN,BENIGN,BENIGN
Bot,BENIGN,BENIGN,BENIGN
BENIGN,BENIGN,BENIGN,BENIGN
BENIGN,BENIGN,BENIGN,BENIGN
BENIGN,BENIGN,BENIGN,BENIGN
BENIGN,BENIGN,BENIGN,BENIGN
BENIGN,BENIGN,BENIGN,BENIGN
BENIGN,BENIGN,BENIGN,BENIGN
BENIGN,BENIGN,BENIGN,BENIGN
Bot,BENIGN,BENIGN,BENIGN
BENIGN,BENIGN,BENIGN,BENIGN
BENIGN,BENIGN,BENIGN,BENIGN
BENIGN,BENIGN,BENIGN,BENIGN
BENIGN,BENIGN,BENIGN,BENIGN
BENIGN,BENIGN,BENIGN,BENIGN
BENIGN,BENIGN,BENIGN,BENIGN
BENIGN,BENIGN,BENIGN,BENIGN
BENIGN,BENIGN,BENIGN,BENIGN
BENIGN,Infiltration,BENIGN,BENIGN
BENIGN,Bot,BENIGN,BENIGN
BENIGN,BENIGN,BENIGN,BENIGN
BENIGN,BENIGN,BENIGN,BENIGN
BENIGN,BENIGN,BENIGN,BENIGN
BENIGN,BENIGN,BENIGN,BENIGN
BENIGN,BENIGN,BENIGN,BENIGN
BENIGN,BENIGN,BENIGN,BENIGN
BENIGN,BENIGN,BENIGN,BENIGN
Bot,BENIGN,BENIGN,BENIGN
BENIGN,BENIGN,BENIGN,BENIGN
BENIGN,BENIGN,BENIGN,BENIGN
BENIGN,BENIGN,BENIGN,BENIGN
BENIGN,BENIGN,BENIGN,BENIGN
BENIGN,BENIGN,BENIGN,BENIGN
BENIGN,BENIGN,BENIGN,BENIGN
BENIGN,BENIGN,BENIGN,BENIGN
BENIGN,BENIGN,BENIGN,BENIGN
BENIGN,BENIGN,BENIGN,BENIGN
BENIGN,Infiltration,BENIGN,BENIGN
BENIGN,BENIGN,BENIGN,BENIGN
BENIGN,BENIGN,BENIGN,BENIGN
BENIGN,BENIGN,BENIGN,BENIGN
BENIGN,BENIGN,BENIGN,BENIGN
BENIGN,BENIGN,BENIGN,BENIGN
Bot,BENIGN,BENIGN,BENIGN
Bot,Bot,BENIGN,BENIGN
Bot,BENIGN,BENIGN,BENIGN
BENIGN,BENIGN,BENIGN,BENIGN
BENIGN,BENIGN,BENIGN,BENIGN
BENIGN,BENIGN,BENIGN,BENIGN
BENIGN,BENIGN,BENIGN,BENIGN
BENIGN,BENIGN,BENIGN,BENIGN
BENIGN,BENIGN,BENIGN,BENIGN
BENIGN,BENIGN,BENIGN,BENIGN
BENIGN,BENIGN,BENIGN,BENIGN
BENIGN,XSS,BENIGN,BENIGN
BENIGN,BENIGN,BENIGN,BENIGN
BENIGN,Infiltration,BENIGN,BENIGN
BENIGN,BENIGN,BENIGN,BENIGN
BENIGN,Brute Force,BENIGN,BENIGN
BENIGN,BENIGN,BENIGN,BENIGN
BENIGN,BENIGN,BENIGN,BENIGN
BENIGN,BENIGN,BENIGN,BENIGN
BENIGN,BENIGN,BENIGN,BENIGN
BENIGN,BENIGN,BENIGN,BENIGN
BENIGN,BENIGN,BENIGN,BENIGN
BENIGN,BENIGN,BENIGN,BENIGN
BENIGN,BENIGN,BENIGN,BENIGN
BENIGN,BENIGN,BENIGN,BENIGN
BENIGN,BENIGN,BENIGN,BENIGN
BENIGN,BENIGN,BENIGN,BENIGN
BENIGN,BENIGN,BENIGN,BENIGN
BENIGN,BENIGN,BENIGN,BENIGN
BENIGN,BENIGN,BENIGN,BENIGN
Brute Force,BENIGN,BENIGN,BENIGN
BENIGN,BENIGN,BENIGN,BENIGN
BENIGN,BENIGN,BENIGN,BENIGN
BENIGN,BENIGN,BENIGN,BENIGN
BENIGN,BENIGN,BENIGN,BENIGN
BENIGN,BENIGN,BENIGN,BENIGN
BENIGN,BENIGN,BENIGN,BENIGN
BENIGN,BENIGN,BENIGN,BENIGN
BENIGN,BENIGN,BENIGN,BENIGN
BENIGN,BENIGN,BENIGN,BENIGN
Bot,BENIGN,BENIGN,BENIGN
BENIGN,BENIGN,BENIGN,BENIGN
BENIGN,BENIGN,BENIGN,BENIGN
BENIGN,BENIGN,BENIGN,BENIGN
BENIGN,BENIGN,BENIGN,BENIGN
BENIGN,BENIGN,BENIGN,BENIGN
BENIGN,BENIGN,BENIGN,BENIGN
BENIGN,BENIGN,BENIGN,BENIGN
BENIGN,BENIGN,BENIGN,BENIGN
BENIGN,BENIGN,BENIGN,BENIGN
BENIGN,BENIGN,BENIGN,BENIGN
BENIGN,BENIGN,BENIGN,BENIGN
BENIGN,BENIGN,BENIGN,BENIGN
BENIGN,BENIGN,BENIGN,BENIGN
BENIGN,BENIGN,BENIGN,BENIGN
BENIGN,BENIGN,BENIGN,BENIGN
BENIGN,BENIGN,BENIGN,BENIGN
BENIGN,BENIGN,BENIGN,BENIGN
BENIGN,BENIGN,BENIGN,BENIGN
BENIGN,BENIGN,BENIGN,BENIGN
BENIGN,BENIGN,BENIGN,BENIGN
BENIGN,BENIGN,BENIGN,BENIGN
BENIGN,BENIGN,BENIGN,BENIGN
BENIGN,BENIGN,BENIGN,BENIGN
BENIGN,BENIGN,BENIGN,BENIGN
BENIGN,BENIGN,BENIGN,BENIGN
BENIGN,BENIGN,BENIGN,BENIGN
BENIGN,BENIGN,BENIGN,BENIGN
BENIGN,BENIGN,BENIGN,BENIGN
BENIGN,BENIGN,BENIGN,BENIGN
BENIGN,Infiltration,BENIGN,BENIGN
BENIGN,BENIGN,BENIGN,BENIGN
BENIGN,Infiltration,BENIGN,BENIGN
BENIGN,BENIGN,BENIGN,BENIGN
BENIGN,BENIGN,BENIGN,BENIGN
BENIGN,BENIGN,BENIGN,BENIGN
BENIGN,BENIGN,BENIGN,BENIGN
BENIGN,BENIGN,BENIGN,BENIGN
BENIGN,BENIGN,BENIGN,BENIGN
BENIGN,BENIGN,BENIGN,BENIGN
BENIGN,BENIGN,BENIGN,BENIGN
BENIGN,BENIGN,BENIGN,BENIGN
BENIGN,BENIGN,BENIGN,BENIGN
BENIGN,Infiltration,BENIGN,BENIGN
BENIGN,BENIGN,Infiltration,BENIGN
BENIGN,BENIGN,BENIGN,BENIGN
BENIGN,BENIGN,BENIGN,BENIGN
BENIGN,BENIGN,BENIGN,BENIGN
Bot,XSS,BENIGN,BENIGN
BENIGN,BENIGN,BENIGN,BENIGN
BENIGN,BENIGN,BENIGN,BENIGN
BENIGN,BENIGN,BENIGN,BENIGN
BENIGN,BENIGN,BENIGN,BENIGN
BENIGN,BENIGN,BENIGN,BENIGN
BENIGN,BENIGN,BENIGN,BENIGN
BENIGN,BENIGN,BENIGN,BENIGN
BENIGN,Infiltration,BENIGN,BENIGN
BENIGN,BENIGN,BENIGN,BENIGN
BENIGN,BENIGN,BENIGN,BENIGN
BENIGN,BENIGN,BENIGN,BENIGN
BENIGN,BENIGN,BENIGN,BENIGN
BENIGN,BENIGN,BENIGN,BENIGN
BENIGN,BENIGN,BENIGN,BENIGN
BENIGN,BENIGN,BENIGN,BENIGN
BENIGN,BENIGN,BENIGN,BENIGN
BENIGN,BENIGN,BENIGN,BENIGN
BENIGN,BENIGN,BENIGN,BENIGN
BENIGN,BENIGN,BENIGN,BENIGN
BENIGN,BENIGN,BENIGN,BENIGN
BENIGN,BENIGN,BENIGN,BENIGN
BENIGN,BENIGN,BENIGN,BENIGN
BENIGN,BENIGN,BENIGN,BENIGN
BENIGN,BENIGN,BENIGN,BENIGN
BENIGN,BENIGN,BENIGN,BENIGN
BENIGN,BENIGN,BENIGN,BENIGN
BENIGN,BENIGN,BENIGN,BENIGN
BENIGN,BENIGN,BENIGN,BENIGN
BENIGN,BENIGN,BENIGN,BENIGN
BENIGN,BENIGN,BENIGN,BENIGN
BENIGN,BENIGN,BENIGN,BENIGN
BENIGN,BENIGN,BENIGN,BENIGN
BENIGN,BENIGN,BENIGN,BENIGN
BENIGN,BENIGN,BENIGN,BENIGN
BENIGN,BENIGN,BENIGN,BENIGN
BENIGN,BENIGN,BENIGN,BENIGN
BENIGN,BENIGN,BENIGN,BENIGN
BENIGN,BENIGN,BENIGN,BENIGN
BENIGN,BENIGN,BENIGN,BENIGN
BENIGN,BENIGN,BENIGN,BENIGN
BENIGN,BENIGN,BENIGN,BENIGN
BENIGN,BENIGN,BENIGN,BENIGN
BENIGN,BENIGN,BENIGN,BENIGN
Bot,BENIGN,BENIGN,BENIGN
BENIGN,BENIGN,BENIGN,BENIGN
BENIGN,BENIGN,BENIGN,BENIGN
BENIGN,BENIGN,BENIGN,BENIGN
BENIGN,BENIGN,BENIGN,BENIGN
BENIGN,BENIGN,BENIGN,BENIGN
BENIGN,Infiltration,BENIGN,BENIGN
BENIGN,BENIGN,BENIGN,BENIGN
BENIGN,BENIGN,BENIGN,BENIGN
Bot,BENIGN,BENIGN,BENIGN
BENIGN,BENIGN,BENIGN,BENIGN
BENIGN,Infiltration,BENIGN,BENIGN
Brute Force,BENIGN,BENIGN,BENIGN
BENIGN,BENIGN,BENIGN,BENIGN
BENIGN,BENIGN,BENIGN,BENIGN
BENIGN,BENIGN,BENIGN,BENIGN
BENIGN,BENIGN,BENIGN,BENIGN
BENIGN,BENIGN,BENIGN,BENIGN
BENIGN,BENIGN,BENIGN,BENIGN
Brute Force,BENIGN,BENIGN,BENIGN
BENIGN,BENIGN,BENIGN,BENIGN
BENIGN,BENIGN,BENIGN,BENIGN
BENIGN,BENIGN,BENIGN,BENIGN
BENIGN,BENIGN,BENIGN,BENIGN
BENIGN,BENIGN,BENIGN,BENIGN
BENIGN,BENIGN,BENIGN,BENIGN
BENIGN,BENIGN,BENIGN,BENIGN
BENIGN,BENIGN,BENIGN,BENIGN
BENIGN,BENIGN,BENIGN,BENIGN
BENIGN,BENIGN,BENIGN,BENIGN
BENIGN,BENIGN,BENIGN,BENIGN
BENIGN,BENIGN,BENIGN,BENIGN
BENIGN,BENIGN,BENIGN,BENIGN
BENIGN,BENIGN,BENIGN,BENIGN
BENIGN,BENIGN,BENIGN,BENIGN
BENIGN,BENIGN,BENIGN,BENIGN
BENIGN,BENIGN,BENIGN,BENIGN
BENIGN,BENIGN,BENIGN,BENIGN
BENIGN,BENIGN,BENIGN,BENIGN
BENIGN,BENIGN,BENIGN,BENIGN
BENIGN,BENIGN,BENIGN,BENIGN
Bot,BENIGN,BENIGN,BENIGN
BENIGN,BENIGN,BENIGN,BENIGN
BENIGN,BENIGN,BENIGN,BENIGN
BENIGN,BENIGN,BENIGN,BENIGN
BENIGN,BENIGN,BENIGN,BENIGN
BENIGN,BENIGN,BENIGN,BENIGN
Bot,BENIGN,BENIGN,BENIGN
BENIGN,BENIGN,BENIGN,BENIGN
BENIGN,BENIGN,BENIGN,BENIGN
BENIGN,BENIGN,BENIGN,BENIGN
BENIGN,BENIGN,BENIGN,BENIGN
BENIGN,BENIGN,BENIGN,BENIGN
BENIGN,BENIGN,BENIGN,BENIGN
BENIGN,BENIGN,BENIGN,BENIGN
BENIGN,BENIGN,BENIGN,BENIGN
BENIGN,Infiltration,BENIGN,BENIGN
Bot,BENIGN,BENIGN,BENIGN
BENIGN,BENIGN,BENIGN,BENIGN
BENIGN,BENIGN,BENIGN,BENIGN
BENIGN,BENIGN,BENIGN,BENIGN
BENIGN,BENIGN,BENIGN,BENIGN
BENIGN,BENIGN,BENIGN,BENIGN
BENIGN,BENIGN,BENIGN,BENIGN
Bot,BENIGN,BENIGN,BENIGN
BENIGN,BENIGN,BENIGN,BENIGN
BENIGN,BENIGN,BENIGN,BENIGN
BENIGN,BENIGN,BENIGN,BENIGN
BENIGN,BENIGN,BENIGN,BENIGN
BENIGN,BENIGN,BENIGN,BENIGN
BENIGN,BENIGN,BENIGN,BENIGN
BENIGN,BENIGN,BENIGN,BENIGN
BENIGN,BENIGN,BENIGN,BENIGN
BENIGN,BENIGN,BENIGN,BENIGN
BENIGN,BENIGN,BENIGN,BENIGN
BENIGN,BENIGN,BENIGN,BENIGN
BENIGN,BENIGN,BENIGN,BENIGN
BENIGN,BENIGN,BENIGN,BENIGN
BENIGN,BENIGN,BENIGN,BENIGN
BENIGN,BENIGN,BENIGN,BENIGN
BENIGN,BENIGN,BENIGN,BENIGN
BENIGN,BENIGN,BENIGN,BENIGN
BENIGN,BENIGN,BENIGN,BENIGN
BENIGN,BENIGN,BENIGN,BENIGN
BENIGN,BENIGN,BENIGN,BENIGN
BENIGN,BENIGN,BENIGN,BENIGN
BENIGN,BENIGN,BENIGN,BENIGN
BENIGN,BENIGN,BENIGN,BENIGN
BENIGN,BENIGN,BENIGN,BENIGN
BENIGN,BENIGN,BENIGN,BENIGN
BENIGN,BENIGN,BENIGN,BENIGN
BENIGN,BENIGN,BENIGN,BENIGN
BENIGN,BENIGN,BENIGN,BENIGN
BENIGN,BENIGN,BENIGN,BENIGN
BENIGN,BENIGN,BENIGN,BENIGN
BENIGN,BENIGN,BENIGN,BENIGN
BENIGN,BENIGN,BENIGN,BENIGN
BENIGN,BENIGN,BENIGN,BENIGN
Bot,Bot,BENIGN,BENIGN
BENIGN,BENIGN,BENIGN,BENIGN
Bot,BENIGN,BENIGN,BENIGN
BENIGN,BENIGN,BENIGN,BENIGN
BENIGN,BENIGN,BENIGN,BENIGN
Bot,BENIGN,BENIGN,BENIGN
BENIGN,BENIGN,BENIGN,BENIGN
BENIGN,BENIGN,BENIGN,BENIGN
BENIGN,BENIGN,BENIGN,BENIGN
BENIGN,BENIGN,BENIGN,BENIGN
BENIGN,Infiltration,BENIGN,BENIGN
BENIGN,BENIGN,BENIGN,BENIGN
BENIGN,BENIGN,BENIGN,BENIGN
BENIGN,BENIGN,BENIGN,BENIGN
BENIGN,BENIGN,BENIGN,BENIGN
Bot,BENIGN,BENIGN,BENIGN
BENIGN,BENIGN,BENIGN,BENIGN
BENIGN,BENIGN,BENIGN,BENIGN
BENIGN,BENIGN,BENIGN,BENIGN
BENIGN,BENIGN,BENIGN,BENIGN
BENIGN,BENIGN,BENIGN,BENIGN
BENIGN,BENIGN,BENIGN,BENIGN
BENIGN,BENIGN,BENIGN,BENIGN
BENIGN,BENIGN,BENIGN,BENIGN
BENIGN,BENIGN,BENIGN,BENIGN
BENIGN,BENIGN,BENIGN,BENIGN
Bot,BENIGN,BENIGN,BENIGN
BENIGN,BENIGN,BENIGN,BENIGN
BENIGN,Infiltration,BENIGN,BENIGN
BENIGN,BENIGN,BENIGN,BENIGN
BENIGN,BENIGN,BENIGN,BENIGN
BENIGN,BENIGN,BENIGN,BENIGN
BENIGN,BENIGN,BENIGN,BENIGN
BENIGN,BENIGN,BENIGN,BENIGN
BENIGN,BENIGN,BENIGN,BENIGN
BENIGN,BENIGN,BENIGN,BENIGN
BENIGN,BENIGN,BENIGN,BENIGN
BENIGN,BENIGN,BENIGN,BENIGN
Bot,Brute Force,BENIGN,BENIGN
BENIGN,BENIGN,BENIGN,BENIGN
Brute Force,BENIGN,BENIGN,BENIGN
BENIGN,BENIGN,BENIGN,BENIGN
BENIGN,BENIGN,BENIGN,BENIGN
BENIGN,BENIGN,BENIGN,BENIGN
BENIGN,BENIGN,BENIGN,BENIGN
BENIGN,BENIGN,BENIGN,BENIGN
BENIGN,BENIGN,BENIGN,BENIGN
BENIGN,BENIGN,BENIGN,BENIGN
BENIGN,BENIGN,BENIGN,BENIGN
BENIGN,BENIGN,BENIGN,BENIGN
BENIGN,XSS,BENIGN,BENIGN
BENIGN,BENIGN,BENIGN,BENIGN
BENIGN,Infiltration,BENIGN,BENIGN
Bot,BENIGN,BENIGN,BENIGN
BENIGN,BENIGN,BENIGN,BENIGN
BENIGN,BENIGN,BENIGN,BENIGN
BENIGN,BENIGN,BENIGN,BENIGN
Brute Force,BENIGN,BENIGN,BENIGN
BENIGN,BENIGN,BENIGN,BENIGN
BENIGN,BENIGN,BENIGN,BENIGN
BENIGN,BENIGN,BENIGN,BENIGN
BENIGN,BENIGN,BENIGN,BENIGN
BENIGN,BENIGN,BENIGN,BENIGN
BENIGN,BENIGN,BENIGN,BENIGN
BENIGN,BENIGN,BENIGN,BENIGN
BENIGN,BENIGN,BENIGN,BENIGN
BENIGN,BENIGN,BENIGN,BENIGN
BENIGN,BENIGN,BENIGN,BENIGN
BENIGN,BENIGN,BENIGN,BENIGN
Bot,BENIGN,BENIGN,BENIGN
BENIGN,BENIGN,BENIGN,BENIGN
BENIGN,BENIGN,BENIGN,BENIGN
BENIGN,BENIGN,BENIGN,BENIGN
BENIGN,BENIGN,BENIGN,BENIGN
BENIGN,BENIGN,BENIGN,BENIGN
BENIGN,BENIGN,BENIGN,BENIGN
BENIGN,BENIGN,BENIGN,BENIGN
BENIGN,BENIGN,BENIGN,BENIGN
BENIGN,Infiltration,BENIGN,BENIGN
BENIGN,Brute Force,BENIGN,BENIGN
BENIGN,BENIGN,BENIGN,BENIGN
Bot,BENIGN,BENIGN,BENIGN
BENIGN,BENIGN,BENIGN,BENIGN
Bot,BENIGN,BENIGN,BENIGN
BENIGN,BENIGN,BENIGN,BENIGN
BENIGN,BENIGN,BENIGN,BENIGN
BENIGN,BENIGN,BENIGN,BENIGN
BENIGN,BENIGN,BENIGN,BENIGN
BENIGN,BENIGN,BENIGN,BENIGN
BENIGN,BENIGN,BENIGN,BENIGN
BENIGN,BENIGN,BENIGN,BENIGN
BENIGN,BENIGN,BENIGN,BENIGN
BENIGN,BENIGN,BENIGN,BENIGN
BENIGN,BENIGN,BENIGN,BENIGN
BENIGN,BENIGN,BENIGN,BENIGN
BENIGN,BENIGN,BENIGN,BENIGN
BENIGN,BENIGN,BENIGN,BENIGN
